{
  "_class_name": "AutoencoderKLCosmos",
  "_diffusers_version": "0.34.0.dev0",
  "attention_resolutions": [
    32
  ],
  "decode_block_out_channels": [
    256,
    512,
    512,
    512
  ],
  "encoder_block_out_channels": [
    128,
    256,
    512,
    512
  ],
  "in_channels": 3,
  "latent_channels": 16,
  "latents_mean": [
    0.11362757533788681,
    -0.017171695828437805,
    0.03071162849664688,
    0.020468616858124733,
    0.019314559176564217,
    0.02138567343354225,
    0.019993416965007782,
    0.021891867741942406,
    0.020119348540902138,
    0.01872694492340088,
    0.021686134859919548,
    0.022071482613682747,
    0.01986941136419773,
    0.017704127356410027,
    0.020676426589488983,
    0.0202824454754591,
    0.19125476479530334,
    0.04556972160935402,
    0.05955580249428749,
    0.05315534397959709,
    0.05496629327535629,
    0.05356264486908913,
    0.04856595769524574,
    0.05327453464269638,
    0.05410471558570862,
    0.05597148835659027,
    0.05524865910410881,
    0.051818735897541046,
    0.05071663111448288,
    0.052045371383428574,
    0.05641080439090729,
    0.05518041551113129,
    0.01306714117527008,
    0.03341160714626312,
    0.03847246244549751,
    0.028101854026317596,
    0.027901655063033104,
    0.02920026145875454,
    0.02823597379028797,
    0.026310328394174576,
    0.02785310335457325,
    0.028805073350667953,
    0.02977769263088703,
    0.031454406678676605,
    0.02888389490544796,
    0.03280773386359215,
    0.03484927490353584,
    0.03049197606742382,
    -0.0019772653467953205,
    0.07534956932067871,
    0.049638792872428894,
    0.05530892685055733,
    0.054108284413814545,
    0.052525412291288376,
    0.05029899254441261,
    0.05321024730801582,
    0.05149244889616966,
    0.05119210109114647,
    0.04643494635820389,
    0.04604526609182358,
    0.046316176652908325,
    0.04404101148247719,
    0.04403536394238472,
    0.04499494656920433,
    -0.029941828921437263,
    -0.047870032489299774,
    -0.010645583271980286,
    -0.01779823563992977,
    -0.014905018731951714,
    -0.02157517336308956,
    -0.02047779969871044,
    -0.021808160468935966,
    -0.0194537490606308,
    -0.020628631114959717,
    -0.021922089159488678,
    -0.02520638518035412,
    -0.022466560825705528,
    -0.024275334551930428,
    -0.02683362551033497,
    -0.02762005850672722,
    0.08019473403692245,
    -0.13005368411540985,
    -0.07568635791540146,
    -0.06082374230027199,
    -0.060361746698617935,
    -0.058753639459609985,
    -0.0592188723385334,
    -0.058697883039712906,
    -0.05273940786719322,
    -0.05256499722599983,
    -0.05346428230404854,
    -0.05456540733575821,
    -0.05365699902176857,
    -0.05656896531581879,
    -0.057285893708467484,
    -0.05321847274899483,
    0.1671840250492096,
    -0.003901461837813258,
    0.03794059902429581,
    0.03565610200166702,
    0.03554131090641022,
    0.03924074023962021,
    0.03873615339398384,
    0.04187328740954399,
    0.04226924106478691,
    0.04378717020153999,
    0.04684273898601532,
    0.05117613822221756,
    0.04547792300581932,
    0.05251586064696312,
    0.05048338696360588,
    0.04950783774256706,
    0.09564418345689774,
    0.05471280217170715,
    0.08183968812227249,
    0.07978633046150208,
    0.08076023310422897,
    0.08108604699373245,
    0.08011817932128906,
    0.0796557292342186,
    0.08187773078680038,
    0.0835026279091835,
    0.08101469278335571,
    0.07869409769773483,
    0.07744419574737549,
    0.07724520564079285,
    0.07830417901277542,
    0.0759979635477066,
    -0.049875665456056595,
    0.05923908203840256,
    -0.010587457567453384,
    -0.011776033788919449,
    -0.01116162072867155,
    -0.013641487807035446,
    -0.015460136346518993,
    -0.01172130461782217,
    -0.017800433561205864,
    -0.016483137384057045,
    -0.02100246772170067,
    -0.0210441704839468,
    -0.02482122741639614,
    -0.02611689455807209,
    -0.025611430406570435,
    -0.025973355397582054,
    -0.053646672517061234,
    0.08211684226989746,
    0.046869371086359024,
    0.04605640843510628,
    0.043041862547397614,
    0.039735499769449234,
    0.036867666989564896,
    0.04087112471461296,
    0.03704741224646568,
    0.03706400841474533,
    0.031200725585222244,
    0.03349090740084648,
    0.03319963067770004,
    0.032057810574769974,
    0.03195127099752426,
    0.03180480748414993,
    0.16427966952323914,
    -0.1104845330119133,
    -0.04595276340842247,
    -0.04982893168926239,
    -0.05213464796543121,
    -0.04809378460049629,
    -0.050803184509277344,
    -0.04992862790822983,
    -0.044933367520570755,
    -0.046761900186538696,
    -0.048847030848264694,
    -0.04627892002463341,
    -0.04913311451673508,
    -0.04955708608031273,
    -0.04533981531858444,
    -0.04570218175649643,
    -0.10612928122282028,
    -0.05121197551488876,
    -0.06761008501052856,
    -0.0725180059671402,
    -0.07265284657478333,
    -0.074178546667099,
    -0.07202412188053131,
    -0.07499026507139206,
    -0.07625480741262436,
    -0.07535747438669205,
    -0.07638787478208542,
    -0.0792030468583107,
    -0.0759606882929802,
    -0.07959417998790741,
    -0.08265036344528198,
    -0.07955470681190491,
    -0.1688891500234604,
    0.07532420009374619,
    0.04062594473361969,
    0.03375093266367912,
    0.033374518156051636,
    0.036993756890296936,
    0.0365113765001297,
    0.036110229790210724,
    0.03555621951818466,
    0.03378554433584213,
    0.030049804598093033,
    0.033955592662096024,
    0.029418472200632095,
    0.031564321368932724,
    0.034311726689338684,
    0.030168525874614716,
    -0.03415358439087868,
    -0.016995728015899658,
    -0.040292952209711075,
    -0.049121566116809845,
    -0.04988580197095871,
    -0.04917917773127556,
    -0.049180563539266586,
    -0.052518896758556366,
    -0.05325506255030632,
    -0.05341973155736923,
    -0.04983328655362129,
    -0.048831455409526825,
    -0.04985548183321953,
    -0.04736718162894249,
    -0.04620270058512688,
    -0.0483609102666378,
    0.020556746050715446,
    0.03419799357652664,
    -0.029076693579554558,
    -0.04350508749485016,
    -0.04156143590807915,
    -0.04234420508146286,
    -0.04446109011769295,
    -0.04461774230003357,
    -0.04882838577032089,
    -0.04822345823049545,
    -0.04502492770552635,
    -0.05062440410256386,
    -0.05146912857890129,
    -0.046552665531635284,
    -0.048629943281412125,
    -0.048416152596473694,
    0.20312774181365967,
    -0.07208502292633057,
    -0.03635615482926369,
    -0.03556087613105774,
    -0.042461737990379333,
    -0.04195837676525116,
    -0.04293777793645859,
    -0.04071275517344475,
    -0.042405690997838974,
    -0.04125212877988815,
    -0.04395143687725067,
    -0.03959095850586891,
    -0.04044992849230766,
    -0.040158748626708984,
    -0.04088107496500015,
    -0.03885176032781601
  ],